teamA,teamB,tournament,year,month,day,diff_GP,ratio_GP,diff_AGT,ratio_AGT,diff_KD,ratio_KD,diff_CKPM,ratio_CKPM,diff_GPR,ratio_GPR,diff_GSPD,ratio_GSPD,diff_EGR,ratio_EGR,diff_MLR,ratio_MLR,diff_GD15,ratio_GD15,diff_FB%,ratio_FB%,diff_FT%,ratio_FT%,diff_F3T%,ratio_F3T%,diff_PPG,ratio_PPG,diff_HLD%,ratio_HLD%,diff_GRB%,ratio_GRB%,diff_FD%,ratio_FD%,diff_DRG%,ratio_DRG%,diff_ELD%,ratio_ELD%,diff_FBN%,ratio_FBN%,diff_BN%,ratio_BN%,diff_LNE%,ratio_LNE%,diff_JNG%,ratio_JNG%,diff_WPM,ratio_WPM,diff_CWPM,ratio_CWPM,diff_WCPM,ratio_WCPM,diff_winrate%,ratio_winrate%
19,1,21,2025,8,20,-5,0.8214285420918378,0.3999999999999986,1.01242232880676,-0.44000000000000006,0.5728149778495361,-0.16000000000000003,0.8367338400675101,0.0,1.000001000001,-0.09100000000000001,-14.164305949008499,0.0,1.000001000001,0.0,1.000001000001,0.0,1.000001000001,0.0,0.999997674424013,-0.24000000000000002,0.4782598298699351,0.0,1.000001000001,0.0,1.000001000001,0.10999999999999993,1.23912774102665,-0.10999999999999999,0.8253955152452139,0.13999999999999996,1.3255783126085754,-0.06,0.8775492294913685,0.0,1.000001000001,0.0,1.000001000001,-0.28,0.4615375739662039,-0.01100000000000001,0.9780857010244999,-0.05099999999999999,0.9005830397991427,-0.31000000000000005,0.9159889116561215,-0.1299999999999999,0.9103441997626209,-0.08000000000000007,0.9493664877427292,-0.3183229813664597,0.4057963439627665
