AGT_A;KD_A;CKPM_A;GPR_A;GSPD_A;EGR_A;MLR_A;GD15_A;FB%_A;FT%_A;F3T%_A;PPG_A;HLD%_A;GRB%_A;FD%_A;DRG%_A;ELD%_A;FBN%_A;BN%_A;LNE%_A;JNG%_A;WPM_A;CWPM_A;WCPM_A;winrate%_A;GP_A;GP_B;AGT_B;KD_B;CKPM_B;GPR_B;GSPD_B;EGR_B;MLR_B;GD15_B;FB%_B;FT%_B;F3T%_B;PPG_B;HLD%_B;GRB%_B;FD%_B;DRG%_B;ELD%_B;FBN%_B;BN%_B;LNE%_B;JNG%_B;WPM_B;CWPM_B;WCPM_B;winrate%_B;teamA;teamB;tournament;year;month;day;diff_AGT;ratio_AGT;diff_KD;ratio_KD;diff_CKPM;ratio_CKPM;diff_GPR;ratio_GPR;diff_GSPD;ratio_GSPD;diff_EGR;ratio_EGR;diff_MLR;ratio_MLR;diff_GD15;ratio_GD15;diff_FB%;ratio_FB%;diff_FT%;ratio_FT%;diff_F3T%;ratio_F3T%;diff_PPG;ratio_PPG;diff_HLD%;ratio_HLD%;diff_GRB%;ratio_GRB%;diff_FD%;ratio_FD%;diff_DRG%;ratio_DRG%;diff_ELD%;ratio_ELD%;diff_FBN%;ratio_FBN%;diff_BN%;ratio_BN%;diff_LNE%;ratio_LNE%;diff_JNG%;ratio_JNG%;diff_WPM;ratio_WPM;diff_CWPM;ratio_CWPM;diff_WCPM;ratio_WCPM;diff_winrate%;ratio_winrate%;diff_GP;ratio_GP
43.1;0.85;0.7600000000000001;-0.07;-0.045;65.4;-32.1;1232.0;0.33;0.67;0.33;3.0;0.67;0.67;0.33;0.47;-1.0;0.33;0.4000000000000001;0.494;0.481;3.66;1.26;1.4799999999999998;0.3333333333333333;6.0;16;31.7;0.56;0.85;-1.06;-0.092;43.7;-25.0;-615.0;0.38;0.25;0.25;2.7;0.38;0.52;0.5;0.46;0.0;0.19;0.17;0.498;0.466;2.82;1.34;1.38;0.1875;0;0;0;2025;7;26;11.400000000000002;1.3596214082138358;0.2899999999999999;1.517854432402799;-0.08999999999999986;0.894116595156947;0.99;0.06603779814886618;0.047;0.4891357514755595;21.700000000000003;1.4965674714744286;-7.100000000000001;1.284000051360002;1847.0;-2.0032520357776455;-0.04999999999999999;0.8684187673190334;0.42000000000000004;2.6799892800428804;0.08000000000000002;1.3199947200211202;0.2999999999999998;1.1111106995886297;0.29000000000000004;1.7631532548598559;0.15000000000000002;1.2884590606556525;-0.16999999999999998;0.65999868000264;0.009999999999999953;1.0217369092675885;-1.0;-1000000.0;0.14;1.7368329640370315;0.23000000000000007;2.3529273357215548;-0.0040000000000000036;0.9919658795865872;0.014999999999999958;1.0321866262089565;0.8400000000000003;1.2978718801872766;-0.08000000000000007;0.9402978057479061;0.09999999999999987;1.072462990968847;0.14583333333333331;1.7777682963468637;-10.0;0.37499997656250145
