teamA;teamB;tournament;year;month;day;diff_GP;ratio_GP;diff_AGT;ratio_AGT;diff_KD;ratio_KD;diff_CKPM;ratio_CKPM;diff_GPR;ratio_GPR;diff_GSPD;ratio_GSPD;diff_EGR;ratio_EGR;diff_MLR;ratio_MLR;diff_GD15;ratio_GD15;diff_FB%;ratio_FB%;diff_FT%;ratio_FT%;diff_F3T%;ratio_F3T%;diff_PPG;ratio_PPG;diff_HLD%;ratio_HLD%;diff_GRB%;ratio_GRB%;diff_FD%;ratio_FD%;diff_DRG%;ratio_DRG%;diff_ELD%;ratio_ELD%;diff_FBN%;ratio_FBN%;diff_BN%;ratio_BN%;diff_LNE%;ratio_LNE%;diff_JNG%;ratio_JNG%;diff_WPM;ratio_WPM;diff_CWPM;ratio_CWPM;diff_WCPM;ratio_WCPM;diff_winrate%;ratio_winrate%
38;19;-1;2025;8;30;2;1.0869564744801532;0.3999999999999986;1.0122699075990826;0.93;2.576266819886746;0.050000000000000044;1.0609743158849807;0.0;1.000001000001;0.137;-0.6117719031988611;0.0;1.000001000001;0.0;1.000001000001;0.0;1.000001000001;0.16999999999999998;1.395345592219553;0.42000000000000004;2.909077686010518;0.0;1.000001000001;0.0;1.000001000001;-0.04999999999999993;0.9122791012647347;0.010000000000000009;1.019228809175367;-0.20999999999999996;0.631577839337124;0.13000000000000006;1.3023225527382496;0.0;1.000001000001;0.0;1.000001000001;0.58;3.4166524306148722;0.008000000000000007;1.0162912091828735;0.066;1.1428546691457377;0.20000000000000018;1.0591712842688508;0.050000000000000044;1.0378780016075746;0.21999999999999997;1.146665902222732;0.502608695652174;3.3119847648700826
