GP_A;AGT_A;KD_A;CKPM_A;GPR_A;GSPD_A;EGR_A;MLR_A;GD15_A;FB%_A;FT%_A;F3T%_A;PPG_A;HLD%_A;GRB%_A;FD%_A;DRG%_A;ELD%_A;FBN%_A;BN%_A;LNE%_A;JNG%_A;WPM_A;CWPM_A;WCPM_A;winrate%_A;GP_B;AGT_B;KD_B;CKPM_B;GPR_B;GSPD_B;EGR_B;MLR_B;GD15_B;FB%_B;FT%_B;F3T%_B;PPG_B;HLD%_B;GRB%_B;FD%_B;DRG%_B;ELD%_B;FBN%_B;BN%_B;LNE%_B;JNG%_B;WPM_B;CWPM_B;WCPM_B;winrate%_B;teamA;teamB;tournament;year;month;day;diff_GP;ratio_GP;diff_AGT;ratio_AGT;diff_KD;ratio_KD;diff_CKPM;ratio_CKPM;diff_GPR;ratio_GPR;diff_GSPD;ratio_GSPD;diff_EGR;ratio_EGR;diff_MLR;ratio_MLR;diff_GD15;ratio_GD15;diff_FB%;ratio_FB%;diff_FT%;ratio_FT%;diff_F3T%;ratio_F3T%;diff_PPG;ratio_PPG;diff_HLD%;ratio_HLD%;diff_GRB%;ratio_GRB%;diff_FD%;ratio_FD%;diff_DRG%;ratio_DRG%;diff_ELD%;ratio_ELD%;diff_FBN%;ratio_FBN%;diff_BN%;ratio_BN%;diff_LNE%;ratio_LNE%;diff_JNG%;ratio_JNG%;diff_WPM;ratio_WPM;diff_CWPM;ratio_CWPM;diff_WCPM;ratio_WCPM;diff_winrate%;ratio_winrate%
8;31.0;1.29;0.77;0.88;0.018;67.2;-4.7;1460.0;0.5;0.88;0.75;4.1;0.75;0.71;0.5;0.5;-1.0;0.63;0.75;0.507;0.528;3.18;1.23;1.52;0.625;8;31.3;1.04;1.02;-0.16;0.03;39.1;23.4;-716.0;0.63;0.13;0.38;2.8;0.38;0.38;0.38;0.48;-1.0;0.63;0.67;0.502;0.507;3.07;1.1;1.51;0.625;0;0;0;2025;8;16;0;0.9999998750000157;-0.3000000000000007;0.9904153038205973;0.25;1.2403834227082475;-0.25;0.7549012206850778;1.04;-5.500034375214845;-0.012;0.5999800006666444;28.1;1.7186700327705875;-28.099999999999998;-0.200854692271167;2176.0;-2.0391061480993105;-0.13;0.7936495338896287;0.75;6.769178698625395;0.37;1.973679016634167;1.2999999999999998;1.4642851913267172;0.37;1.973679016634167;0.32999999999999996;1.8684161357470113;0.12;1.3157860110894446;0.020000000000000018;1.041664496532299;0.0;1.000001000001;0.0;0.9999984127009321;0.07999999999999996;1.1194013143263963;0.0050000000000000044;1.00995814749373;0.02100000000000002;1.041418064264173;0.11000000000000032;1.0358302814885076;0.1299999999999999;1.1181808016538166;0.010000000000000009;1.0066218499193047;0.0;0.9999984000025599
