teamA,teamB,tournament,year,month,day,diff_GP,ratio_GP,diff_AGT,ratio_AGT,diff_KD,ratio_KD,diff_CKPM,ratio_CKPM,diff_GPR,ratio_GPR,diff_GSPD,ratio_GSPD,diff_EGR,ratio_EGR,diff_MLR,ratio_MLR,diff_GD15,ratio_GD15,diff_FB%,ratio_FB%,diff_FT%,ratio_FT%,diff_F3T%,ratio_F3T%,diff_PPG,ratio_PPG,diff_HLD%,ratio_HLD%,diff_GRB%,ratio_GRB%,diff_FD%,ratio_FD%,diff_DRG%,ratio_DRG%,diff_ELD%,ratio_ELD%,diff_FBN%,ratio_FBN%,diff_BN%,ratio_BN%,diff_LNE%,ratio_LNE%,diff_JNG%,ratio_JNG%,diff_WPM,ratio_WPM,diff_CWPM,ratio_CWPM,diff_WCPM,ratio_WCPM,diff_winrate%,ratio_winrate%
38,19,-1,2025,8,30,-7,0.7812499755859383,0.6000000000000014,1.0185184870827628,0.96,2.7142808673555936,-0.020000000000000018,0.9775269915427061,0.0,1.000001000001,0.1489999999999999,-0.5360880009072263,0.0,1.000001000001,0.0,1.000001000001,0.0,1.000001000001,0.19,1.4634110648510614,0.45,3.3684033241930305,0.0,1.000001000001,0.0,1.000001000001,-0.10999999999999999,0.8253955152452139,-0.010000000000000009,0.9814796639265482,-0.14,0.7199985600028799,0.17000000000000004,1.4358937541185794,0.0,1.000001000001,0.0,1.000001000001,0.59,3.5652018904265628,0.010000000000000009,1.020447810945172,0.07200000000000001,1.15789219760483,0.28000000000000025,1.0848481561066194,0.06000000000000005,1.0458007283963906,0.22999999999999998,1.154361641368026,0.5325,3.839979520109226
