teamA;teamB;tournament;year;month;day;diff_GP;ratio_GP;diff_AGT;ratio_AGT;diff_KD;ratio_KD;diff_CKPM;ratio_CKPM;diff_GPR;ratio_GPR;diff_GSPD;ratio_GSPD;diff_EGR;ratio_EGR;diff_MLR;ratio_MLR;diff_GD15;ratio_GD15;diff_FB%;ratio_FB%;diff_FT%;ratio_FT%;diff_F3T%;ratio_F3T%;diff_PPG;ratio_PPG;diff_HLD%;ratio_HLD%;diff_GRB%;ratio_GRB%;diff_FD%;ratio_FD%;diff_DRG%;ratio_DRG%;diff_ELD%;ratio_ELD%;diff_FBN%;ratio_FBN%;diff_BN%;ratio_BN%;diff_LNE%;ratio_LNE%;diff_JNG%;ratio_JNG%;diff_WPM;ratio_WPM;diff_CWPM;ratio_CWPM;diff_WCPM;ratio_WCPM;diff_winrate%;ratio_winrate%
6;45;21;2025;8;16;-2;0.7499999062500118;-2.3000000000000043;0.9327485107383476;1.19;1.9674780752210772;0.1499999999999999;1.1874985156268554;0.9600000000000001;3.4615295858215753;0.0770000000000001;6.499535747446657;12.800000000000004;1.2480619913166282;12.200000000000003;1.5213674563518182;691.0;-7.858974459730441;-0.38;0.5681811725213949;-0.07999999999999996;0.8933321422238104;0.29000000000000004;1.7631532548598559;0.0;0.9999996428572704;0.0;0.999998000004;-0.39;0.41790982401518806;0.32999999999999996;1.65999668000664;0.17999999999999994;1.3396201139243131;0.0;1.000001000001;0.5;1.999996000008;0.32999999999999996;1.4925350857685284;0.014000000000000012;1.0276659532293415;0.061999999999999944;1.124746227874793;-0.020000000000000018;0.9939756042242156;-0.04999999999999982;0.9572641390904796;-0.020000000000000018;0.9870123460958792;0.25;1.333331555557926
