teamA;teamB;tournament;year;month;day;diff_GP;ratio_GP;diff_AGT;ratio_AGT;diff_KD;ratio_KD;diff_CKPM;ratio_CKPM;diff_GPR;ratio_GPR;diff_GSPD;ratio_GSPD;diff_EGR;ratio_EGR;diff_MLR;ratio_MLR;diff_GD15;ratio_GD15;diff_FB%;ratio_FB%;diff_FT%;ratio_FT%;diff_F3T%;ratio_F3T%;diff_PPG;ratio_PPG;diff_HLD%;ratio_HLD%;diff_GRB%;ratio_GRB%;diff_FD%;ratio_FD%;diff_DRG%;ratio_DRG%;diff_ELD%;ratio_ELD%;diff_FBN%;ratio_FBN%;diff_BN%;ratio_BN%;diff_LNE%;ratio_LNE%;diff_JNG%;ratio_JNG%;diff_WPM;ratio_WPM;diff_CWPM;ratio_CWPM;diff_WCPM;ratio_WCPM;diff_winrate%;ratio_winrate%
35;52;8;2025;8;22;4;1.4999998125000236;-4.400000000000006;0.8817204064053653;0.63;1.7325561249347383;0.0;0.9999986842122576;1.75;-1.3972621880303946;0.064;-1.9091776898949955;26.9;1.745152306228468;-1.9000000000000004;0.8633092904094036;2336.0;-0.7983063901449626;0.29000000000000004;1.7631532548598559;0.37;3.8461242605826107;0.37;1.973679016634167;0.20000000000000018;1.071428188775647;0.44999999999999996;4.461504142275828;-0.12000000000000005;0.7777763374512269;0.19999999999999996;1.5263117728637556;0.13000000000000006;1.3023225527382496;1.0;1000000.0;0.07999999999999996;1.1599976800046399;0.34;1.7555516543296572;0.010000000000000009;1.020118671793417;0.06000000000000005;1.125783803388253;-0.39999999999999947;0.9004972884335104;-0.3500000000000001;0.7712413259860614;0.11999999999999988;1.0794694837950438;0.25;1.499997000006
